window,case,start_utc8,end_exclusive_utc8,net_return,completed_holds,active_fill_days_utc8,max_drawdown,fee_total_usdt,median_hold_seconds,valid_window
0,strict_maker_2bps,2025-09-10T00:00:00+08:00,2025-09-24T00:00:00+08:00,0.000455647924382685,2,2,0.00046212442894499883,25.059332026056104,2280.0,True
0,soft_maker_2bps,2025-09-10T00:00:00+08:00,2025-09-24T00:00:00+08:00,-0.007685597263794919,52,14,0.01010813359841578,599.1854249292047,7200.0,True
0,soft_maker_5bps,2025-09-10T00:00:00+08:00,2025-09-24T00:00:00+08:00,-0.007065376549624247,34,12,0.009047965788777645,404.20279228580364,7200.0,True
0,soft_taker,2025-09-10T00:00:00+08:00,2025-09-24T00:00:00+08:00,-0.01705846158475499,91,14,0.019193138187386882,1431.8809943847657,7200,True
1,strict_maker_2bps,2025-09-24T00:00:00+08:00,2025-10-08T00:00:00+08:00,0.0,0,0,0.0,0,,True
1,soft_maker_2bps,2025-09-24T00:00:00+08:00,2025-10-08T00:00:00+08:00,-0.00572408622150733,40,11,0.006438006804638685,438.46694902528685,7200.0,True
1,soft_maker_5bps,2025-09-24T00:00:00+08:00,2025-10-08T00:00:00+08:00,-0.005122193411148612,29,11,0.005983308280213651,314.0037535622891,7200,True
1,soft_taker,2025-09-24T00:00:00+08:00,2025-10-08T00:00:00+08:00,-0.008512732609527118,70,12,0.009749226880362616,1064.4358540722862,7200.0,True
2,strict_maker_2bps,2025-10-08T00:00:00+08:00,2025-10-22T00:00:00+08:00,0.0,0,0,0.0,0,,True
2,soft_maker_2bps,2025-10-08T00:00:00+08:00,2025-10-22T00:00:00+08:00,-0.01214965623035369,50,14,0.015758515604374912,441.5105460775795,7200.0,True
2,soft_maker_5bps,2025-10-08T00:00:00+08:00,2025-10-22T00:00:00+08:00,-0.008122563440530195,38,14,0.012223132966541872,340.330465503625,7200.0,True
2,soft_taker,2025-10-08T00:00:00+08:00,2025-10-22T00:00:00+08:00,-0.022590815214744375,83,14,0.025140285437406318,996.4666982033875,7200,True
3,strict_maker_2bps,2025-10-22T00:00:00+08:00,2025-11-05T00:00:00+08:00,-0.0033831398577099936,2,2,0.0039591582404802095,29.636442547797227,3720.0,True
3,soft_maker_2bps,2025-10-22T00:00:00+08:00,2025-11-05T00:00:00+08:00,-0.012307875643477573,44,13,0.01254242102110159,449.7519582648735,7200.0,True
3,soft_maker_5bps,2025-10-22T00:00:00+08:00,2025-11-05T00:00:00+08:00,-0.012150385519259621,31,13,0.012384968295765075,330.23968489055113,7200,True
3,soft_taker,2025-10-22T00:00:00+08:00,2025-11-05T00:00:00+08:00,-0.019104823308752406,78,13,0.01931324328121853,1081.2541889781337,7200.0,True
4,strict_maker_2bps,2025-11-05T00:00:00+08:00,2025-11-19T00:00:00+08:00,-0.0005986073184052199,1,1,0.000925862208467243,14.955094362521997,7200,True
4,soft_maker_2bps,2025-11-05T00:00:00+08:00,2025-11-19T00:00:00+08:00,-0.01674466206320646,69,14,0.020345470942615518,608.9240998371297,7200,True
4,soft_maker_5bps,2025-11-05T00:00:00+08:00,2025-11-19T00:00:00+08:00,-0.016335590084978424,52,14,0.0182486264311994,451.15715430913747,7200.0,True
4,soft_taker,2025-11-05T00:00:00+08:00,2025-11-19T00:00:00+08:00,-0.021530116175009884,99,14,0.026582825916792063,1180.048956292141,7200,True
5,strict_maker_2bps,2025-11-19T00:00:00+08:00,2025-12-03T00:00:00+08:00,0.0,0,0,0.0,0,,True
5,soft_maker_2bps,2025-11-19T00:00:00+08:00,2025-12-03T00:00:00+08:00,-0.005623225499385431,52,13,0.00855379172148285,581.5428483949136,7200.0,True
5,soft_maker_5bps,2025-11-19T00:00:00+08:00,2025-12-03T00:00:00+08:00,0.0017282423565441185,37,13,0.004833793252919327,398.47516156040615,7200,True
5,soft_taker,2025-11-19T00:00:00+08:00,2025-12-03T00:00:00+08:00,-0.0065855397851961595,95,13,0.012178196376735895,1467.5761448754922,7200,True
6,strict_maker_2bps,2025-12-03T00:00:00+08:00,2025-12-17T00:00:00+08:00,0.0006056238163947292,1,1,0.00084814618964002,15.075638019659122,6360,True
6,soft_maker_2bps,2025-12-03T00:00:00+08:00,2025-12-17T00:00:00+08:00,-0.016971913936051908,44,13,0.01703415697467736,484.37439087456255,7200.0,True
6,soft_maker_5bps,2025-12-03T00:00:00+08:00,2025-12-17T00:00:00+08:00,-0.012007596103478568,32,12,0.012070153471095413,337.0928390194587,7200.0,True
6,soft_taker,2025-12-03T00:00:00+08:00,2025-12-17T00:00:00+08:00,-0.02006379138614578,80,13,0.020842276745067445,1108.8386283342766,7200.0,True
7,strict_maker_2bps,2025-12-17T00:00:00+08:00,2025-12-31T00:00:00+08:00,-0.001839451841792905,2,1,0.0023862985449181195,29.837484454891154,7200.0,True
7,soft_maker_2bps,2025-12-17T00:00:00+08:00,2025-12-31T00:00:00+08:00,-0.01261593541358963,44,12,0.013267580997783468,438.59522358981474,7200.0,True
7,soft_maker_5bps,2025-12-17T00:00:00+08:00,2025-12-31T00:00:00+08:00,-0.009595631759757639,35,11,0.010449557694089506,362.31214680445817,7200,True
7,soft_taker,2025-12-17T00:00:00+08:00,2025-12-31T00:00:00+08:00,-0.015103533093049792,76,13,0.015526716181654243,1051.068051496309,7200.0,True
8,strict_maker_2bps,2025-12-31T00:00:00+08:00,2026-01-14T00:00:00+08:00,-0.002193406030360001,5,4,0.0029552996341456472,74.77403854940209,7200,True
8,soft_maker_2bps,2025-12-31T00:00:00+08:00,2026-01-14T00:00:00+08:00,-0.0034563794643778234,36,10,0.005594506217430739,393.9042471851822,7200.0,True
8,soft_maker_5bps,2025-12-31T00:00:00+08:00,2026-01-14T00:00:00+08:00,-0.003925126997893713,29,10,0.005679948916191946,318.8442056928152,7200,True
8,soft_taker,2025-12-31T00:00:00+08:00,2026-01-14T00:00:00+08:00,-0.008894077315771187,69,13,0.009659471166530431,1034.1292868584326,7200,True
9,strict_maker_2bps,2026-01-14T00:00:00+08:00,2026-01-28T00:00:00+08:00,-0.0038651633903128424,2,3,0.003914806639727986,29.6320317096033,5160.0,True
9,soft_maker_2bps,2026-01-14T00:00:00+08:00,2026-01-28T00:00:00+08:00,-0.012931368367583018,61,14,0.014978076228857606,550.1306115298352,7200,True
9,soft_maker_5bps,2026-01-14T00:00:00+08:00,2026-01-28T00:00:00+08:00,-0.012271470614225843,36,14,0.01460857366550894,334.23951334225944,7200.0,True
9,soft_taker,2026-01-14T00:00:00+08:00,2026-01-28T00:00:00+08:00,-0.018369720068131423,95,14,0.02021593099115493,1197.9077434647031,7200,True
10,strict_maker_2bps,2026-01-28T00:00:00+08:00,2026-02-11T00:00:00+08:00,-0.00093974969937205,1,1,0.00093974969937205,14.920945976038835,7200,True
10,soft_maker_2bps,2026-01-28T00:00:00+08:00,2026-02-11T00:00:00+08:00,-0.014511949454620754,49,13,0.015025454818067385,408.4330129092939,7200,True
10,soft_maker_5bps,2026-01-28T00:00:00+08:00,2026-02-11T00:00:00+08:00,-0.014614250614970792,43,13,0.016007289832247196,368.67576511974863,7200,True
10,soft_taker,2026-01-28T00:00:00+08:00,2026-02-11T00:00:00+08:00,-0.014702031793019654,87,13,0.016083996659345123,981.7027762702653,7200,True
11,strict_maker_2bps,2026-02-11T00:00:00+08:00,2026-02-25T00:00:00+08:00,0.0014778398719559327,2,3,0.0007648260323689371,30.193643149836536,4260.0,True
11,soft_maker_2bps,2026-02-11T00:00:00+08:00,2026-02-25T00:00:00+08:00,-0.016177868622537783,67,13,0.01676165222975623,595.2971529375219,7200,True
11,soft_maker_5bps,2026-02-11T00:00:00+08:00,2026-02-25T00:00:00+08:00,-0.012644878133038162,52,13,0.013271484859373683,469.2040412176965,7200.0,True
11,soft_taker,2026-02-11T00:00:00+08:00,2026-02-25T00:00:00+08:00,-0.024688937310413328,110,13,0.025755368019252933,1352.2993166571148,7200.0,True
12,strict_maker_2bps,2026-02-25T00:00:00+08:00,2026-03-11T00:00:00+08:00,0.0005595260844639682,1,1,0.0004568866171162922,15.071023632078475,7200,True
12,soft_maker_2bps,2026-02-25T00:00:00+08:00,2026-03-11T00:00:00+08:00,-0.009157059434383608,51,12,0.01486146280733014,560.0826087261705,7200,True
12,soft_maker_5bps,2026-02-25T00:00:00+08:00,2026-03-11T00:00:00+08:00,-0.00712630308138007,41,10,0.013198455477230753,468.8765058538182,7200,True
12,soft_taker,2026-02-25T00:00:00+08:00,2026-03-11T00:00:00+08:00,-0.018344856736619675,93,13,0.021788745287372624,1382.9481121221656,7200,True
13,strict_maker_2bps,2026-03-11T00:00:00+08:00,2026-03-25T00:00:00+08:00,0.00042242445798423844,1,1,0.00021954553033154411,10.026134290044226,1800,True
13,soft_maker_2bps,2026-03-11T00:00:00+08:00,2026-03-25T00:00:00+08:00,0.000708640247855552,54,13,0.004107608328024037,593.212142511063,7200.0,True
13,soft_maker_5bps,2026-03-11T00:00:00+08:00,2026-03-25T00:00:00+08:00,-0.0010586982457886362,37,12,0.004240799604373846,430.3273838165466,7200,True
13,soft_taker,2026-03-11T00:00:00+08:00,2026-03-25T00:00:00+08:00,-0.009578912099492465,100,14,0.013566499459411685,1575.3394083626401,7200.0,True
14,strict_maker_2bps,2026-03-25T00:00:00+08:00,2026-04-08T00:00:00+08:00,-0.00042877516918715664,1,1,0.0010609449410978744,14.97209457765895,7200,True
14,soft_maker_2bps,2026-03-25T00:00:00+08:00,2026-04-08T00:00:00+08:00,-0.006837703407756024,39,13,0.009191551325171798,403.1318398260355,7200,True
14,soft_maker_5bps,2026-03-25T00:00:00+08:00,2026-04-08T00:00:00+08:00,-0.006717168727487621,20,11,0.0071121489127373705,201.28360451988488,7200.0,True
14,soft_taker,2026-03-25T00:00:00+08:00,2026-04-08T00:00:00+08:00,-0.018083220252537613,79,13,0.018929597696923484,1039.1515739982076,7200,True
15,strict_maker_2bps,2026-04-08T00:00:00+08:00,2026-04-22T00:00:00+08:00,-0.00017209525213812693,1,2,0.0006987761722205832,14.997788263049248,7200,True
15,soft_maker_2bps,2026-04-08T00:00:00+08:00,2026-04-22T00:00:00+08:00,-0.0006265469973659732,45,11,0.0027778979188540776,492.7141564062928,7200,True
15,soft_maker_5bps,2026-04-08T00:00:00+08:00,2026-04-22T00:00:00+08:00,-0.0011615995077426389,27,10,0.0020690539583632095,289.935314087966,7200,True
15,soft_taker,2026-04-08T00:00:00+08:00,2026-04-22T00:00:00+08:00,-0.006811468987083735,76,12,0.009737116975400695,1205.8310703496481,7200.0,True
16,strict_maker_2bps,2026-04-22T00:00:00+08:00,2026-05-06T00:00:00+08:00,-0.0008530133594794043,4,3,0.0011295325638197573,59.952802123795465,7200.0,True
16,soft_maker_2bps,2026-04-22T00:00:00+08:00,2026-05-06T00:00:00+08:00,-0.004656789209596557,42,14,0.006626262793469118,464.17079109921696,7200.0,True
16,soft_maker_5bps,2026-04-22T00:00:00+08:00,2026-05-06T00:00:00+08:00,-0.0032355145884547243,21,12,0.00430244073148367,234.58656072861035,7200,True
16,soft_taker,2026-04-22T00:00:00+08:00,2026-05-06T00:00:00+08:00,-0.007908398724891907,96,14,0.01418907385317747,1475.3227623210717,7200.0,True
17,strict_maker_2bps,2026-05-06T00:00:00+08:00,2026-05-20T00:00:00+08:00,0.0006113048330942394,2,1,0.0006729836634244979,25.065139946459407,4230.0,True
17,soft_maker_2bps,2026-05-06T00:00:00+08:00,2026-05-20T00:00:00+08:00,-0.013601874674923353,53,14,0.014946399761399332,616.1438671741264,7200,True
17,soft_maker_5bps,2026-05-06T00:00:00+08:00,2026-05-20T00:00:00+08:00,-0.008840387770674085,31,14,0.009343987214043392,375.91003705907025,7200,True
17,soft_taker,2026-05-06T00:00:00+08:00,2026-05-20T00:00:00+08:00,-0.0180806925132313,99,14,0.019204602007083182,1549.387411545272,7200,True
18,strict_maker_2bps,2026-05-20T00:00:00+08:00,2026-06-03T00:00:00+08:00,0.0,0,0,0.0,0,,True
18,soft_maker_2bps,2026-05-20T00:00:00+08:00,2026-06-03T00:00:00+08:00,-0.00502664707849243,46,13,0.005880750569576154,426.20888227373393,7200.0,True
18,soft_maker_5bps,2026-05-20T00:00:00+08:00,2026-06-03T00:00:00+08:00,-0.003249537879189912,29,12,0.003899926496612416,289.4868077890139,7200,True
18,soft_taker,2026-05-20T00:00:00+08:00,2026-06-03T00:00:00+08:00,-0.01172559808405682,91,14,0.01258658937130741,1244.4308527434848,7200,True
19,strict_maker_2bps,2026-06-03T00:00:00+08:00,2026-06-17T00:00:00+08:00,-0.00014999999999998348,1,1,0.0007010108289409178,15.0,7200,True
19,soft_maker_2bps,2026-06-03T00:00:00+08:00,2026-06-17T00:00:00+08:00,-0.01259250311696003,63,14,0.013953034517867557,576.8670223634778,7200,True
19,soft_maker_5bps,2026-06-03T00:00:00+08:00,2026-06-17T00:00:00+08:00,-0.01244430947432329,54,13,0.013331391381789959,500.1103390645345,7200.0,True
19,soft_taker,2026-06-03T00:00:00+08:00,2026-06-17T00:00:00+08:00,-0.019846482662758902,102,14,0.022659035510050107,1342.927017649592,7200.0,True
20,strict_maker_2bps,2026-06-17T00:00:00+08:00,2026-07-01T00:00:00+08:00,0.0,0,0,0.0,0,,True
20,soft_maker_2bps,2026-06-17T00:00:00+08:00,2026-07-01T00:00:00+08:00,-0.008125741156364774,65,12,0.01021292640276339,562.0621669427611,7200,True
20,soft_maker_5bps,2026-06-17T00:00:00+08:00,2026-07-01T00:00:00+08:00,-0.0033618775267765244,47,12,0.005999842837294045,396.83901062627376,7200,True
20,soft_taker,2026-06-17T00:00:00+08:00,2026-07-01T00:00:00+08:00,-0.012043953622174586,114,14,0.015525148743393835,1352.096937049745,7200.0,True
21,strict_maker_2bps,2026-07-01T00:00:00+08:00,2026-07-15T00:00:00+08:00,0.0,0,0,0.0,0,,True
21,soft_maker_2bps,2026-07-01T00:00:00+08:00,2026-07-15T00:00:00+08:00,-0.006520317569652101,43,12,0.0071120688840417,453.50462923957673,7200,True
21,soft_maker_5bps,2026-07-01T00:00:00+08:00,2026-07-15T00:00:00+08:00,-0.005211094285234252,28,10,0.005340965930946129,314.0984047020425,7200.0,True
21,soft_taker,2026-07-01T00:00:00+08:00,2026-07-15T00:00:00+08:00,-0.01621203135334015,79,12,0.016993633507556782,1231.855459824966,7200,True
22,strict_maker_2bps,2026-07-15T00:00:00+08:00,2026-07-29T00:00:00+08:00,0.00028765994715307386,1,2,0.000479759440562999,15.043809804519816,7200,True
22,soft_maker_2bps,2026-07-15T00:00:00+08:00,2026-07-29T00:00:00+08:00,-0.006591854783483231,40,10,0.008258104219469264,453.30558299569526,7200.0,True
22,soft_maker_5bps,2026-07-15T00:00:00+08:00,2026-07-29T00:00:00+08:00,-0.0026128433496860337,22,10,0.004589303430694969,254.40822813257265,7200.0,True
22,soft_taker,2026-07-15T00:00:00+08:00,2026-07-29T00:00:00+08:00,-0.010448034245686189,82,12,0.011136008474158965,1273.5632040015032,7200.0,True
23,strict_maker_2bps,2026-07-29T00:00:00+08:00,2026-08-12T00:00:00+08:00,-0.00045755715063278135,1,2,0.0006878418832493294,14.969213498435161,7200,True
23,soft_maker_2bps,2026-07-29T00:00:00+08:00,2026-08-12T00:00:00+08:00,-0.005237787289448015,36,14,0.005939420826369002,394.0812627428165,7200.0,True
23,soft_maker_5bps,2026-07-29T00:00:00+08:00,2026-08-12T00:00:00+08:00,-0.00407248770999602,26,13,0.004804771249725337,266.9708476572073,7200.0,True
23,soft_taker,2026-07-29T00:00:00+08:00,2026-08-12T00:00:00+08:00,-0.010658904329978292,77,14,0.011029260155921428,1163.9506874970402,7200,True
24,strict_maker_2bps,2026-08-12T00:00:00+08:00,2026-08-26T00:00:00+08:00,-0.0007109545562330455,2,2,0.0015696283398560773,24.930860279574702,5580.0,True
24,soft_maker_2bps,2026-08-12T00:00:00+08:00,2026-08-26T00:00:00+08:00,-0.0005890335119879131,24,9,0.0031076878790764484,260.1453385465172,7200.0,True
24,soft_maker_5bps,2026-08-12T00:00:00+08:00,2026-08-26T00:00:00+08:00,-0.0023650159000635496,13,8,0.004467368782489545,159.8621578026017,7200,True
24,soft_taker,2026-08-12T00:00:00+08:00,2026-08-26T00:00:00+08:00,0.0012813594606213563,70,12,0.0061941890844017244,988.9385994049669,7200.0,True
