window,case,start_epoch,end_epoch,net_return,trades,active_days,fees,drawdown
0,baseline,1757433600,1758643200,-0.007685597263794919,52,14,599.1854249292047,0.01010813359841578
0,quality_maker,1757433600,1758643200,-0.008345225626232522,39,13,454.1434015925999,0.01063017585908177
0,quality_maker_5bps,1757433600,1758643200,-0.003649391790538692,22,11,269.8278445445967,0.005846438252087527
1,baseline,1758643200,1759852800,-0.00572408622150733,40,11,438.46694902528685,0.006438006804638685
1,quality_maker,1758643200,1759852800,-0.008048691034096223,29,11,315.7345291550364,0.00842861974463871
1,quality_maker_5bps,1758643200,1759852800,-0.0067576923056476,16,9,176.4996677027853,0.007115522133326779
2,baseline,1759852800,1761062400,-0.01214965623035369,50,14,441.5105460775795,0.015758515604374912
2,quality_maker,1759852800,1761062400,-0.007505469725131109,40,14,358.28722467664096,0.00920282796980798
2,quality_maker_5bps,1759852800,1761062400,-0.005728455546370581,29,12,269.01151139253744,0.008014969874067357
3,baseline,1761062400,1762272000,-0.012307875643477573,44,13,449.7519582648735,0.01254242102110159
3,quality_maker,1761062400,1762272000,-0.011998517109934492,37,13,390.25213255739664,0.012579966498998174
3,quality_maker_5bps,1761062400,1762272000,-0.008478681923097309,22,10,231.28463699205355,0.009172951020558262
4,baseline,1762272000,1763481600,-0.01674466206320646,69,14,608.9240998371297,0.020345470942615518
4,quality_maker,1762272000,1763481600,-0.011223668454981794,48,14,450.65197204755015,0.015581010898095382
4,quality_maker_5bps,1762272000,1763481600,-0.012589111578920842,36,14,343.87348740338524,0.014012042105874367
5,baseline,1763481600,1764691200,-0.005623225499385431,52,13,581.5428483949136,0.00855379172148285
5,quality_maker,1763481600,1764691200,0.0015747303905753185,44,13,471.33635598701375,0.005303318124275425
5,quality_maker_5bps,1763481600,1764691200,0.008929048751136204,34,13,352.6175290819647,0.0029270454727535755
6,baseline,1764691200,1765900800,-0.016971913936051908,44,13,484.37439087456255,0.01703415697467736
6,quality_maker,1764691200,1765900800,-0.005884958170997878,29,13,321.0002804202549,0.006318163304724456
6,quality_maker_5bps,1764691200,1765900800,-0.0022488205461748123,20,12,209.73778852443385,0.0031161248913069706
7,baseline,1765900800,1767110400,-0.01261593541358963,44,12,438.59522358981474,0.013267580997783468
7,quality_maker,1765900800,1767110400,-0.008420069137766828,39,12,387.58457985535233,0.009132152263931048
7,quality_maker_5bps,1765900800,1767110400,-0.006561987086977861,26,12,275.9868275604494,0.00697878500334892
8,baseline,1767110400,1768320000,-0.0034563794643778234,36,10,393.9042471851822,0.005594506217430739
8,quality_maker,1767110400,1768320000,-0.0016975568008767983,25,9,259.73979775396907,0.0029605348244923224
8,quality_maker_5bps,1767110400,1768320000,-0.001167382213574042,14,7,164.88321276609315,0.0027232834727265454
9,baseline,1768320000,1769529600,-0.012931368367583018,61,14,550.1306115298352,0.014978076228857606
9,quality_maker,1768320000,1769529600,-0.0021277019821061005,43,14,391.88968780075874,0.004416276608036895
9,quality_maker_5bps,1768320000,1769529600,-0.0025124019231492767,24,11,214.54736081003858,0.0048148304258793795
10,baseline,1769529600,1770739200,-0.014511949454620754,49,13,408.4330129092939,0.015025454818067385
10,quality_maker,1769529600,1770739200,-0.014577499141452455,39,13,321.63793635087075,0.015318320240644945
10,quality_maker_5bps,1769529600,1770739200,-0.012534836552711481,35,13,289.9014846535546,0.013236464004186876
11,baseline,1770739200,1771948800,-0.016177868622537783,67,13,595.2971529375219,0.01676165222975623
11,quality_maker,1770739200,1771948800,-0.007766796927605513,54,13,475.9160372843795,0.00954552948119547
11,quality_maker_5bps,1770739200,1771948800,-0.005462490052938862,39,13,366.381442127299,0.006686446804338497
12,baseline,1771948800,1773158400,-0.009157059434383608,51,12,560.0826087261705,0.01486146280733014
12,quality_maker,1771948800,1773158400,-0.0011624832424019793,40,12,457.119533671291,0.005284899038894508
12,quality_maker_5bps,1771948800,1773158400,-0.00040766582315021616,27,9,322.3817580223289,0.004898993558408615
13,baseline,1773158400,1774368000,0.000708640247855552,54,13,593.212142511063,0.004107608328024037
13,quality_maker,1773158400,1774368000,-0.003247440902973797,40,12,436.72836937191727,0.005507515218514114
13,quality_maker_5bps,1773158400,1774368000,-0.0019977507203616796,20,11,212.23504930144247,0.003506575819054669
14,baseline,1774368000,1775577600,-0.006837703407756024,39,13,403.1318398260355,0.009191551325171798
14,quality_maker,1774368000,1775577600,-0.006828569676742724,35,13,350.7035062322211,0.008449511852133051
14,quality_maker_5bps,1774368000,1775577600,-0.003455221325518343,17,9,186.85054406388744,0.004203914571307199
15,baseline,1775577600,1776787200,-0.0006265469973659732,45,11,492.7141564062928,0.0027778979188540776
15,quality_maker,1775577600,1776787200,-0.0006346773317905674,36,10,375.22399417948736,0.002924139242379553
15,quality_maker_5bps,1775577600,1776787200,-0.0012366794165831196,18,8,179.96185310494644,0.0017536929792717482
16,baseline,1776787200,1777996800,-0.004656789209596557,42,14,464.17079109921696,0.006626262793469118
16,quality_maker,1776787200,1777996800,-0.005167675410958861,35,12,386.17344328064263,0.006500556554978498
16,quality_maker_5bps,1776787200,1777996800,-0.002282802009199947,15,9,187.26067894207836,0.003548988401062214
17,baseline,1777996800,1779206400,-0.013601874674923353,53,14,616.1438671741264,0.014946399761399332
17,quality_maker,1777996800,1779206400,-0.012917919139865286,45,14,524.0864771107305,0.01438397068371211
17,quality_maker_5bps,1777996800,1779206400,-0.0090756770033108,27,13,328.3049613895022,0.009886264949597212
18,baseline,1779206400,1780416000,-0.00502664707849243,46,13,426.20888227373393,0.005880750569576154
18,quality_maker,1779206400,1780416000,-0.002191000298095047,35,13,344.4681864374781,0.0034568328700089745
18,quality_maker_5bps,1779206400,1780416000,-0.0015842140252601,22,12,219.74634107897893,0.002490612610698273
19,baseline,1780416000,1781625600,-0.01259250311696003,63,14,576.8670223634778,0.013953034517867557
19,quality_maker,1780416000,1781625600,-0.01375543231310794,49,12,462.6595286455556,0.01479364760375046
19,quality_maker_5bps,1780416000,1781625600,-0.0082995026658097,34,12,302.8311929699699,0.008972084270746139
20,baseline,1781625600,1782835200,-0.008125741156364774,65,12,562.0621669427611,0.01021292640276339
20,quality_maker,1781625600,1782835200,-0.006726372493383925,51,12,415.2700036161761,0.007476872427750525
20,quality_maker_5bps,1781625600,1782835200,-0.0018477813158304102,35,12,289.6893217271371,0.003827429499065671
21,baseline,1782835200,1784044800,-0.006520317569652101,43,12,453.50462923957673,0.0071120688840417
21,quality_maker,1782835200,1784044800,-0.004808914420231125,27,11,304.22283196582595,0.005357711996126446
21,quality_maker_5bps,1782835200,1784044800,-0.004787895156774802,18,10,201.89817309042496,0.005188318343682274
22,baseline,1784044800,1785254400,-0.006591854783483231,40,10,453.30558299569526,0.008258104219469264
22,quality_maker,1784044800,1785254400,-0.006222359698173863,26,9,286.38136426864446,0.006665288515003143
22,quality_maker_5bps,1784044800,1785254400,-0.00246597399654358,16,8,174.6112301620333,0.0036866656242516838
23,baseline,1785254400,1786464000,-0.005237787289448015,36,14,394.0812627428165,0.005939420826369002
23,quality_maker,1785254400,1786464000,-0.0027587296309075082,22,13,242.13123717361898,0.003361787904796354
23,quality_maker_5bps,1785254400,1786464000,-0.0010769763564484336,8,6,84.93922821509588,0.0016823328219951472
24,baseline,1786464000,1787673600,-0.0005890335119879131,24,9,260.1453385465172,0.0031076878790764484
24,quality_maker,1786464000,1787673600,-0.00022870266696195518,21,10,250.08716685088186,0.0035943066896708675
24,quality_maker_5bps,1786464000,1787673600,-0.000849664202699052,7,4,97.52710623421984,0.003932337088004778
